{"loss": [1.9958336353302002, 1.9476144313812256, 1.937724232673645, 1.8459787368774414, 1.7148686647415161, 1.6063895225524902, 1.4549914598464966, 1.2896815538406372, 1.1158356666564941, 0.9960121512413025, 0.8629125356674194, 0.71395343542099, 0.7786136865615845, 0.6136718988418579, 0.4912302494049072, 0.6299023032188416, 0.43067243695259094, 0.42256462574005127, 0.4711911082267761, 0.3450990915298462, 0.2949169874191284, 0.45232337713241577, 0.39507779479026794, 0.25334906578063965, 0.26308250427246094, 0.28483232855796814, 0.24814772605895996, 0.3139239251613617, 0.27921801805496216, 0.2991829216480255, 0.298295259475708, 0.17191065847873688, 0.20610101521015167, 0.2250439077615738, 0.17510779201984406, 0.20458638668060303, 0.33185386657714844, 0.14083534479141235, 0.23400351405143738, 0.307556688785553, 0.24116364121437073, 0.18935291469097137, 0.1872527003288269, 0.13380548357963562, 0.16522665321826935, 0.20002014935016632, 0.1680029183626175, 0.1573643535375595, 0.18962453305721283, 0.1650114506483078], "val_loss": [1.9446872472763062, 1.9393796920776367, 1.9404568672180176, 1.9529448747634888, 1.7635234594345093, 1.7473211288452148, 1.6592295169830322, 1.5035523176193237, 1.4175885915756226, 1.3269078731536865, 1.2131619453430176, 1.4844553470611572, 1.385765790939331, 1.3772515058517456, 1.069890022277832, 1.128730058670044, 1.2125732898712158, 1.0425264835357666, 0.9994605779647827, 1.1312918663024902, 1.3772882223129272, 0.9345686435699463, 0.9717375040054321, 0.9767037630081177, 0.8288223147392273, 0.9161521792411804, 1.0168250799179077, 1.1077827215194702, 1.2809122800827026, 1.1967003345489502, 1.029234766960144, 1.160947561264038, 1.1447582244873047, 1.2038161754608154, 1.4158607721328735, 1.6487077474594116, 0.7817829251289368, 0.8211793899536133, 1.2474536895751953, 1.5050078630447388, 1.5444352626800537, 1.4620959758758545, 1.3706310987472534, 1.640476107597351, 1.634480595588684, 1.97825026512146, 1.5952584743499756, 1.3212612867355347, 1.8821865320205688, 1.7297084331512451], "accuracy": [0.14917127788066864, 0.19889502227306366, 0.1270718276500702, 0.27624309062957764, 0.2983425557613373, 0.3535911738872528, 0.45303866267204285, 0.5690608024597168, 0.580110490322113, 0.6408839821815491, 0.6906077265739441, 0.7016574740409851, 0.7071823477745056, 0.7734806537628174, 0.8232043981552124, 0.7569060921669006, 0.8287292718887329, 0.8232043981552124, 0.8397790193557739, 0.8508287072181702, 0.8950276374816895, 0.8397790193557739, 0.8508287072181702, 0.9116021990776062, 0.8950276374816895, 0.8784530162811279, 0.9226519465446472, 0.8563535809516907, 0.939226508140564, 0.90055251121521, 0.8618784546852112, 0.9337016344070435, 0.9171270728111267, 0.9060773253440857, 0.9171270728111267, 0.9116021990776062, 0.8839778900146484, 0.9558011293411255, 0.9171270728111267, 0.8950276374816895, 0.8784530162811279, 0.939226508140564, 0.9171270728111267, 0.950276255607605, 0.939226508140564, 0.9281768202781677, 0.9337016344070435, 0.9337016344070435, 0.9447513818740845, 0.9281768202781677], "val_accuracy": [0.125, 0.15625, 0.25, 0.21875, 0.3125, 0.28125, 0.28125, 0.46875, 0.40625, 0.5, 0.53125, 0.4375, 0.4375, 0.4375, 0.59375, 0.65625, 0.59375, 0.59375, 0.65625, 0.625, 0.6875, 0.78125, 0.71875, 0.75, 0.71875, 0.71875, 0.71875, 0.625, 0.6875, 0.71875, 0.6875, 0.71875, 0.6875, 0.75, 0.71875, 0.6875, 0.75, 0.75, 0.71875, 0.5625, 0.65625, 0.71875, 0.65625, 0.65625, 0.6875, 0.625, 0.625, 0.6875, 0.6875, 0.75], "labels": [5, 5, 2, 5, 6, 2, 0, 3, 4, 6, 0, 3, 3, 0, 6, 2, 4, 5, 1, 0, 0, 3, 1, 5, 5, 1, 0, 1, 1, 6, 2, 4, 6, 1, 3, 4, 4, 0, 5, 0, 4, 5, 6, 5, 2, 2, 1, 0, 3, 2, 5, 1, 4, 1, 1, 6, 1, 2, 5, 1, 2, 6, 0, 3, 0, 4, 6, 6, 2, 2, 6, 3, 3, 1, 5, 4, 1, 3, 2, 0, 4, 2, 3, 4, 3, 6, 3, 2, 1, 2, 2, 4, 0, 4, 1, 1, 3, 1, 2, 0, 6, 0, 5, 6, 0, 6, 4, 0, 3, 4, 2, 2, 6, 5, 2, 6, 3, 5, 4, 6, 2, 3, 6, 4, 5, 0, 0, 5, 0, 1, 6, 2, 2, 4, 0, 3, 2, 1, 3, 2, 6, 1, 3, 3, 6, 6, 4, 0, 4, 1, 5, 3, 5, 4, 1, 3, 5, 6, 5, 5, 6, 3, 5, 5, 2, 3, 4, 5, 4, 6, 2, 4, 4, 6, 3, 1, 1, 5, 2, 3, 4, 1, 3, 3, 5, 0, 1, 0, 0, 1, 6, 2, 1, 6, 5, 4, 4, 2, 2, 0, 0, 6, 5, 4, 4, 2, 0, 5, 3, 5, 0, 3, 0]}