{"loss": [2.6531221866607666, 1.9373385906219482, 1.9010041952133179, 1.8022555112838745, 1.7200243473052979, 1.6869233846664429, 1.5435259342193604, 1.3352850675582886, 1.2606887817382812, 1.2363147735595703, 0.9908087849617004, 1.0729881525039673, 0.9065053462982178, 0.9725697636604309, 0.7220874428749084, 0.7049968242645264, 0.672643780708313, 0.6600146889686584, 0.6021468639373779, 0.5109125971794128, 0.4393922984600067, 0.3973373472690582, 0.4106561243534088, 0.4341784715652466, 0.5015796422958374, 0.47494998574256897, 0.3657729923725128, 0.3216044008731842, 0.3387748897075653, 0.2590847909450531, 0.26765331625938416, 0.31207573413848877, 0.27458029985427856, 0.20963582396507263, 0.2138817012310028, 0.22804062068462372, 0.3182169497013092, 0.23971542716026306, 0.1661846786737442, 0.25500014424324036, 0.14013516902923584, 0.1531757265329361, 0.21230648458003998, 0.2598208487033844, 0.2506987750530243, 0.21246245503425598, 0.186699777841568, 0.15154530107975006, 0.16614803671836853, 0.1557609587907791], "val_loss": [1.9484094381332397, 1.9444371461868286, 2.0385758876800537, 1.9763301610946655, 1.9327244758605957, 1.8346247673034668, 1.7448155879974365, 1.6744314432144165, 1.607023000717163, 1.4549148082733154, 1.538158893585205, 1.421829104423523, 1.3719686269760132, 1.2113591432571411, 1.3055576086044312, 1.1988463401794434, 0.9688941836357117, 0.8555464744567871, 1.1355230808258057, 0.9496342539787292, 0.7058639526367188, 0.7735685110092163, 0.7077669501304626, 0.8594711422920227, 0.58731609582901, 0.7823438048362732, 0.4937906563282013, 0.47985318303108215, 0.6435167193412781, 0.4101840853691101, 0.4024432897567749, 0.5227186679840088, 0.542783260345459, 0.5414653420448303, 0.37530699372291565, 0.312276154756546, 0.5343913435935974, 0.44453665614128113, 0.38941943645477295, 0.48561954498291016, 0.5778781175613403, 0.6228235363960266, 0.4664802849292755, 0.5441786050796509, 0.3679589629173279, 0.36452075839042664, 0.32878217101097107, 0.2752265930175781, 0.4288671612739563, 0.43503791093826294], "accuracy": [0.11602210253477097, 0.18232044577598572, 0.19337016344070435, 0.23756906390190125, 0.33701658248901367, 0.3867403268814087, 0.41988950967788696, 0.49723756313323975, 0.541436493396759, 0.5082873106002808, 0.6353591084480286, 0.6077347993850708, 0.6574585437774658, 0.6132596731185913, 0.7016574740409851, 0.7679557800292969, 0.7569060921669006, 0.7458563446998596, 0.7955800890922546, 0.8066298365592957, 0.8342541456222534, 0.8453038930892944, 0.8342541456222534, 0.8508287072181702, 0.7900552749633789, 0.8066298365592957, 0.8508287072181702, 0.8839778900146484, 0.90055251121521, 0.9226519465446472, 0.90055251121521, 0.8784530162811279, 0.8950276374816895, 0.9281768202781677, 0.9226519465446472, 0.9060773253440857, 0.8784530162811279, 0.9226519465446472, 0.9337016344070435, 0.889502763748169, 0.9337016344070435, 0.9558011293411255, 0.90055251121521, 0.90055251121521, 0.9060773253440857, 0.9281768202781677, 0.939226508140564, 0.9447513818740845, 0.9447513818740845, 0.9447513818740845], "val_accuracy": [0.15625, 0.125, 0.09375, 0.1875, 0.25, 0.34375, 0.34375, 0.375, 0.375, 0.40625, 0.46875, 0.5625, 0.53125, 0.53125, 0.53125, 0.46875, 0.65625, 0.59375, 0.625, 0.625, 0.65625, 0.625, 0.6875, 0.6875, 0.8125, 0.71875, 0.78125, 0.84375, 0.6875, 0.84375, 0.84375, 0.78125, 0.78125, 0.84375, 0.84375, 0.875, 0.8125, 0.84375, 0.84375, 0.84375, 0.8125, 0.84375, 0.84375, 0.84375, 0.84375, 0.875, 0.875, 0.875, 0.84375, 0.78125], "labels": [6, 0, 0, 0, 5, 1, 3, 5, 5, 3, 6, 2, 6, 6, 1, 2, 0, 5, 0, 1, 0, 1, 1, 5, 3, 1, 4, 4, 2, 5, 0, 0, 4, 3, 1, 3, 4, 1, 4, 3, 1, 2, 0, 2, 2, 2, 2, 0, 2, 5, 2, 5, 2, 0, 1, 0, 4, 5, 6, 2, 1, 2, 3, 6, 4, 5, 4, 6, 6, 5, 4, 2, 2, 6, 5, 5, 4, 5, 0, 4, 4, 6, 2, 5, 1, 5, 4, 6, 4, 6, 1, 2, 6, 1, 3, 3, 0, 6, 1, 0, 1, 1, 5, 3, 5, 5, 1, 0, 0, 4, 3, 0, 6, 4, 3, 1, 3, 1, 5, 1, 3, 6, 3, 4, 4, 0, 2, 3, 3, 0, 6, 2, 6, 4, 0, 5, 6, 1, 5, 3, 3, 2, 6, 5, 5, 1, 5, 0, 4, 2, 2, 6, 2, 4, 3, 0, 2, 2, 6, 4, 3, 3, 2, 4, 6, 2, 5, 6, 0, 5, 1, 3, 6, 1, 0, 5, 0, 3, 6, 0, 2, 4, 4, 4, 6, 0, 0, 1, 6, 1, 4, 1, 3, 1, 4, 6, 5, 5, 4, 6, 0, 2, 5, 3, 3, 3, 3, 4, 3, 2, 3, 2, 2]}