{"loss": [2.0611839294433594, 1.9380351305007935, 1.8951563835144043, 1.7376213073730469, 1.6208065748214722, 1.327804446220398, 1.1098027229309082, 0.9980200529098511, 0.8435589671134949, 0.6030514240264893, 0.6393764615058899, 0.6088739633560181, 0.4460484981536865, 0.37516435980796814, 0.3587660491466522, 0.34833577275276184, 0.3084322214126587, 0.3263676166534424, 0.32626330852508545, 0.18730302155017853, 0.2801749110221863, 0.22048598527908325, 0.23158003389835358, 0.24283446371555328, 0.25942572951316833, 0.1803237944841385, 0.15052592754364014, 0.1588839590549469, 0.16328085958957672, 0.19386988878250122, 0.18421563506126404, 0.15820547938346863, 0.12526986002922058, 0.121106818318367, 0.13904516398906708, 0.12644556164741516, 0.11391926556825638, 0.13393302261829376, 0.10072753578424454, 0.15978854894638062, 0.12077883630990982, 0.1441660225391388, 0.1085834950208664, 0.17538239061832428, 0.11805318295955658, 0.1095581129193306, 0.11749283224344254, 0.14511719346046448, 0.108993299305439, 0.0743471309542656], "val_loss": [1.9460554122924805, 1.95412278175354, 1.8939929008483887, 1.7497663497924805, 1.5209026336669922, 1.281683087348938, 1.3989098072052002, 0.9724149703979492, 1.0176559686660767, 0.753070056438446, 0.7569451332092285, 0.7158369421958923, 0.9321915507316589, 0.526877224445343, 0.585882306098938, 0.6688554286956787, 0.7994851469993591, 0.7518072128295898, 0.7814362049102783, 1.1772199869155884, 0.6676620244979858, 0.9443843960762024, 0.7396394610404968, 0.8758171796798706, 0.6877899169921875, 0.9886345267295837, 0.7513330578804016, 0.9238104820251465, 0.6891455054283142, 0.8114577531814575, 0.6842189431190491, 0.5793542861938477, 0.7765606045722961, 0.7113147377967834, 0.7762393951416016, 0.9260987043380737, 0.7199615836143494, 0.7409223318099976, 0.9407942891120911, 0.6042988300323486, 0.6585908532142639, 0.7894035577774048, 1.1479765176773071, 0.7659152746200562, 0.692383348941803, 0.6723816394805908, 0.9025408625602722, 0.5600236654281616, 0.6259629130363464, 0.7354252338409424], "accuracy": [0.12154696136713028, 0.15469613671302795, 0.16574585437774658, 0.32044199109077454, 0.3867403268814087, 0.4806629717350006, 0.5635359287261963, 0.6187845468521118, 0.6850828528404236, 0.7624309659004211, 0.7292817831039429, 0.7624309659004211, 0.8121547102928162, 0.8342541456222534, 0.8950276374816895, 0.889502763748169, 0.8618784546852112, 0.8674033284187317, 0.8784530162811279, 0.9337016344070435, 0.90055251121521, 0.9447513818740845, 0.90055251121521, 0.8950276374816895, 0.8784530162811279, 0.9281768202781677, 0.950276255607605, 0.9281768202781677, 0.9337016344070435, 0.9226519465446472, 0.939226508140564, 0.9447513818740845, 0.9613259434700012, 0.9613259434700012, 0.950276255607605, 0.9558011293411255, 0.9613259434700012, 0.9668508172035217, 0.9558011293411255, 0.939226508140564, 0.9447513818740845, 0.939226508140564, 0.9613259434700012, 0.9447513818740845, 0.950276255607605, 0.950276255607605, 0.9613259434700012, 0.9337016344070435, 0.9723756909370422, 0.9779005646705627], "val_accuracy": [0.0625, 0.0625, 0.3125, 0.375, 0.34375, 0.5, 0.4375, 0.625, 0.59375, 0.78125, 0.78125, 0.8125, 0.75, 0.84375, 0.875, 0.8125, 0.78125, 0.78125, 0.78125, 0.75, 0.84375, 0.75, 0.78125, 0.78125, 0.78125, 0.78125, 0.8125, 0.75, 0.8125, 0.78125, 0.78125, 0.84375, 0.8125, 0.78125, 0.78125, 0.78125, 0.84375, 0.8125, 0.8125, 0.84375, 0.8125, 0.8125, 0.75, 0.8125, 0.8125, 0.8125, 0.78125, 0.84375, 0.78125, 0.78125], "labels": [6, 4, 2, 0, 3, 4, 5, 0, 1, 1, 4, 4, 6, 2, 2, 1, 6, 2, 5, 5, 0, 0, 1, 0, 1, 5, 2, 6, 0, 6, 0, 0, 3, 3, 2, 2, 4, 5, 0, 6, 2, 4, 5, 3, 6, 3, 0, 6, 6, 5, 2, 5, 3, 4, 5, 4, 3, 3, 5, 4, 4, 5, 3, 1, 6, 4, 4, 5, 5, 0, 1, 5, 2, 2, 0, 2, 2, 4, 4, 5, 3, 4, 2, 3, 3, 5, 1, 2, 0, 4, 0, 2, 1, 5, 5, 3, 5, 5, 2, 1, 3, 6, 5, 0, 4, 6, 5, 6, 2, 5, 6, 2, 5, 5, 4, 6, 6, 1, 4, 1, 3, 5, 2, 3, 3, 4, 0, 0, 6, 2, 1, 2, 0, 3, 3, 0, 4, 2, 4, 6, 1, 3, 2, 1, 3, 6, 6, 0, 6, 1, 6, 1, 4, 1, 6, 3, 0, 3, 3, 6, 4, 4, 3, 0, 3, 1, 2, 1, 2, 4, 2, 5, 0, 1, 2, 0, 6, 0, 1, 1, 5, 2, 4, 1, 3, 4, 3, 1, 0, 5, 2, 6, 6, 5, 1, 5, 4, 0, 3, 1, 0, 3, 1, 4, 0, 2, 6, 6, 3, 6, 0, 1, 2]}