{
    "loss": [
        2.0597596168518066,
        1.9453206062316895,
        1.9435216188430786,
        1.8954089879989624,
        1.7895475625991821,
        1.5817581415176392,
        1.3513033390045166,
        1.1702619791030884,
        1.0336028337478638,
        0.8453651666641235,
        0.5472582578659058,
        0.5850395560264587,
        0.4687960743904114,
        0.329181969165802,
        0.3706052601337433,
        0.3040274977684021,
        0.2896985113620758,
        0.3254525363445282,
        0.25413522124290466,
        0.27333053946495056,
        0.1678626388311386,
        0.21097376942634583,
        0.23568187654018402,
        0.13385158777236938,
        0.17710092663764954,
        0.10449588298797607,
        0.1731189340353012,
        0.08733966201543808,
        0.10406012833118439,
        0.13237206637859344,
        0.050864655524492264,
        0.16357609629631042,
        0.1253688931465149,
        0.08281751722097397,
        0.11582199484109879,
        0.086876280605793,
        0.08291713893413544,
        0.05696551129221916,
        0.068343386054039,
        0.05950523540377617,
        0.07013548910617828,
        0.08130249381065369,
        0.07225591689348221,
        0.08553066849708557,
        0.0773240327835083,
        0.05709384009242058,
        0.07395022362470627,
        0.13119131326675415,
        0.06679397076368332,
        0.03768133372068405
    ],
    "val_loss": [
        1.9451667070388794,
        1.945124626159668,
        1.9350402355194092,
        1.8459582328796387,
        1.7980217933654785,
        1.4439082145690918,
        1.3613611459732056,
        1.1703534126281738,
        1.174407720565796,
        1.0481914281845093,
        0.8500486612319946,
        0.8149849772453308,
        0.6282630562782288,
        0.6396949291229248,
        0.6489395499229431,
        0.8455023765563965,
        0.501015305519104,
        0.6404871940612793,
        0.8411128520965576,
        0.527722954750061,
        0.5585271716117859,
        0.46297964453697205,
        0.6454535722732544,
        0.7999813556671143,
        0.6298848986625671,
        0.7859803438186646,
        0.6336266398429871,
        0.7844661474227905,
        0.6362968683242798,
        0.5403347015380859,
        0.7241893410682678,
        0.49319279193878174,
        0.4840821325778961,
        0.491684228181839,
        0.6512354016304016,
        0.7012025713920593,
        0.5589089393615723,
        0.6498108506202698,
        0.5692465901374817,
        0.6975558996200562,
        0.9846658706665039,
        0.7863446474075317,
        0.6090302467346191,
        0.6060056686401367,
        0.7569001317024231,
        0.684341549873352,
        0.6448092460632324,
        0.580784261226654,
        0.7977083325386047,
        0.843974232673645
    ],
    "accuracy": [
        0.16022099554538727,
        0.15469613671302795,
        0.20994475483894348,
        0.23756906390190125,
        0.2596684992313385,
        0.4419889450073242,
        0.4364641010761261,
        0.5524861812591553,
        0.6022099256515503,
        0.6850828528404236,
        0.8011049628257751,
        0.7513812184333801,
        0.8287292718887329,
        0.8839778900146484,
        0.8618784546852112,
        0.889502763748169,
        0.9226519465446472,
        0.889502763748169,
        0.9116021990776062,
        0.9060773253440857,
        0.939226508140564,
        0.9171270728111267,
        0.9337016344070435,
        0.9558011293411255,
        0.939226508140564,
        0.9558011293411255,
        0.9613259434700012,
        0.9779005646705627,
        0.9668508172035217,
        0.939226508140564,
        0.9944751262664795,
        0.9668508172035217,
        0.9723756909370422,
        0.9668508172035217,
        0.9613259434700012,
        0.9668508172035217,
        0.9723756909370422,
        0.9834254384040833,
        0.9723756909370422,
        0.9723756909370422,
        0.9668508172035217,
        0.9723756909370422,
        0.9668508172035217,
        0.9723756909370422,
        0.9723756909370422,
        0.9834254384040833,
        0.9779005646705627,
        0.9337016344070435,
        0.9779005646705627,
        0.9944751262664795
    ],
    "val_accuracy": [
        0.15625,
        0.125,
        0.125,
        0.25,
        0.3125,
        0.34375,
        0.5625,
        0.46875,
        0.5,
        0.59375,
        0.65625,
        0.75,
        0.78125,
        0.6875,
        0.71875,
        0.71875,
        0.875,
        0.84375,
        0.78125,
        0.84375,
        0.875,
        0.90625,
        0.84375,
        0.84375,
        0.875,
        0.90625,
        0.90625,
        0.90625,
        0.875,
        0.90625,
        0.84375,
        0.90625,
        0.875,
        0.90625,
        0.875,
        0.875,
        0.90625,
        0.875,
        0.9375,
        0.90625,
        0.8125,
        0.875,
        0.875,
        0.875,
        0.84375,
        0.875,
        0.875,
        0.90625,
        0.90625,
        0.90625
    ],
    "labels": [
        3,
        0,
        0,
        3,
        4,
        3,
        4,
        2,
        3,
        5,
        3,
        4,
        5,
        6,
        5,
        4,
        2,
        1,
        1,
        2,
        1,
        2,
        1,
        4,
        4,
        2,
        6,
        6,
        1,
        6,
        2,
        2,
        0,
        4,
        6,
        4,
        4,
        1,
        0,
        0,
        3,
        3,
        0,
        3,
        0,
        4,
        5,
        0,
        3,
        6,
        1,
        1,
        5,
        1,
        2,
        5,
        1,
        5,
        3,
        4,
        3,
        6,
        5,
        6,
        5,
        0,
        1,
        4,
        1,
        0,
        4,
        3,
        6,
        0,
        3,
        0,
        3,
        5,
        2,
        4,
        5,
        0,
        5,
        6,
        4,
        0,
        4,
        6,
        2,
        4,
        0,
        3,
        0,
        1,
        6,
        6,
        3,
        6,
        4,
        5,
        0,
        1,
        0,
        5,
        0,
        6,
        4,
        3,
        4,
        2,
        6,
        6,
        6,
        6,
        2,
        2,
        5,
        0,
        5,
        4,
        5,
        2,
        3,
        4,
        3,
        0,
        0,
        0,
        3,
        0,
        2,
        5,
        2,
        0,
        1,
        6,
        6,
        3,
        5,
        1,
        3,
        5,
        6,
        2,
        4,
        4,
        0,
        6,
        1,
        5,
        2,
        3,
        4,
        2,
        6,
        2,
        1,
        4,
        2,
        5,
        2,
        5,
        5,
        3,
        2,
        2,
        1,
        1,
        5,
        1,
        6,
        3,
        1,
        3,
        6,
        6,
        3,
        1,
        0,
        1,
        0,
        5,
        4,
        2,
        6,
        2,
        4,
        1,
        0,
        5,
        2,
        1,
        2,
        5,
        0,
        3,
        1,
        1,
        2,
        3,
        5,
        2,
        2,
        3,
        2,
        5,
        6,
        4,
        5,
        6,
        4,
        3,
        1
    ]
}